,sym_1,sym_2,p_value,t_value,c_value,hedge_ratio,zero_crossings
400,AGLDUSDT,BNBUSDT,0.04,-3.46,-3.37,0.0,71
289,MATICUSDT,BNBUSDT,0.02,-3.75,-3.37,0.0,58
111,LTCUSDT,CROUSDT,0.04,-3.47,-3.37,433.64,53
141,LTCUSDT,DGBUSDT,0.02,-3.61,-3.37,5109.52,52
324,BNBUSDT,BTCUSDT,0.03,-3.59,-3.37,0.01,52
97,LTCUSDT,FTTUSDT,0.0,-4.65,-3.37,2.02,49
134,LTCUSDT,1000BTTUSDT,0.04,-3.41,-3.37,61624.5,46
364,COMPUSDT,MINAUSDT,0.0,-4.19,-3.37,70.19,46
240,ADAUSDT,CKBUSDT,0.0,-4.15,-3.37,110.81,45
87,LTCUSDT,DOTUSDT,0.01,-3.79,-3.37,7.43,45
128,LTCUSDT,XNOUSDT,0.02,-3.68,-3.37,59.83,45
124,LTCUSDT,XMRUSDT,0.03,-3.51,-3.37,0.36,44
131,LTCUSDT,JSTUSDT,0.0,-4.4,-3.37,1886.62,44
147,LTCUSDT,DARUSDT,0.01,-3.93,-3.37,208.85,43
70,XRPUSDT,10000NFTUSDT,0.01,-4.02,-3.37,58.45,43
605,BOBAUSDT,CHRUSDT,0.01,-3.97,-3.37,2.25,43
627,BOBAUSDT,RSRUSDT,0.0,-4.18,-3.37,63.87,42
149,LTCUSDT,ONTUSDT,0.02,-3.68,-3.37,217.59,42
587,BOBAUSDT,CELRUSDT,0.01,-4.05,-3.37,19.74,41
86,LTCUSDT,BTCUSDT,0.02,-3.66,-3.37,0.0,41
118,LTCUSDT,LITUSDT,0.02,-3.67,-3.37,72.63,40
139,LTCUSDT,CTSIUSDT,0.03,-3.52,-3.37,364.29,40
145,LTCUSDT,DODOUSDT,0.01,-3.92,-3.37,403.73,40
168,LINKUSDT,OGNUSDT,0.0,-4.39,-3.37,38.0,40
405,AGLDUSDT,BSWUSDT,0.0,-4.87,-3.37,1.16,40
154,LINKUSDT,AVAXUSDT,0.0,-4.29,-3.37,0.31,40
325,FILUSDT,SOLUSDT,0.0,-4.38,-3.37,0.18,40
510,JASMYUSDT,DOGEUSDT,0.04,-3.39,-3.37,0.13,39
455,BICOUSDT,ICPUSDT,0.01,-4.09,-3.37,0.08,39
346,COMPUSDT,SRMUSDT,0.03,-3.55,-3.37,60.25,39
110,LTCUSDT,QTUMUSDT,0.0,-4.32,-3.37,16.2,39
122,LTCUSDT,KLAYUSDT,0.01,-3.94,-3.37,221.68,38
88,LTCUSDT,XEMUSDT,0.0,-4.65,-3.37,1195.94,38
280,UNIUSDT,FITFIUSDT,0.0,-4.14,-3.37,80.23,38
50,ETHUSDT,DGBUSDT,0.04,-3.39,-3.37,150954.76,37
579,BOBAUSDT,NEARUSDT,0.0,-4.11,-3.37,0.09,37
114,LTCUSDT,AUDIOUSDT,0.02,-3.74,-3.37,179.61,37
27,ETHUSDT,ALICEUSDT,0.0,-4.2,-3.37,738.59,37
431,CVCUSDT,STORJUSDT,0.0,-4.36,-3.37,0.26,36
106,LTCUSDT,ENSUSDT,0.0,-4.92,-3.37,4.18,36
563,BOBAUSDT,AXSUSDT,0.01,-4.06,-3.37,0.03,36
90,LTCUSDT,AAVEUSDT,0.03,-3.51,-3.37,0.63,36
642,BOBAUSDT,ICXUSDT,0.0,-4.26,-3.37,1.36,36
282,UNIUSDT,AKROUSDT,0.0,-4.15,-3.37,1737.26,36
619,BOBAUSDT,AUDIOUSDT,0.0,-4.19,-3.37,1.26,36
673,1000XECUSDT,BNBUSDT,0.0,-14.35,-3.37,0.0,36
347,COMPUSDT,MKRUSDT,0.03,-3.54,-3.37,0.06,36
306,MATICUSDT,CREAMUSDT,0.01,-3.98,-3.37,0.05,36
374,MANAUSDT,KAVAUSDT,0.02,-3.75,-3.37,0.46,35
466,BICOUSDT,ILVUSDT,0.01,-3.82,-3.37,0.01,35
307,MATICUSDT,10000NFTUSDT,0.03,-3.48,-3.37,137.93,35
234,ADAUSDT,10000NFTUSDT,0.01,-3.91,-3.37,78.46,35
255,ADAUSDT,BAKEUSDT,0.0,-4.36,-3.37,1.72,35
130,LTCUSDT,CKBUSDT,0.03,-3.53,-3.37,13333.74,35
621,BOBAUSDT,SKLUSDT,0.0,-4.51,-3.37,7.54,35
254,ADAUSDT,ZRXUSDT,0.01,-3.96,-3.37,1.49,34
418,CHRUSDT,XRPUSDT,0.02,-3.7,-3.37,0.5,34
200,ADAUSDT,RUNEUSDT,0.03,-3.54,-3.37,0.21,34
117,LTCUSDT,GTCUSDT,0.01,-3.81,-3.37,23.04,34
91,LTCUSDT,AVAXUSDT,0.01,-3.94,-3.37,2.44,34
408,AGLDUSDT,CTCUSDT,0.0,-4.74,-3.37,1.0,34
180,ADAUSDT,XLMUSDT,0.03,-3.54,-3.37,4.2,34
170,LINKUSDT,HOTUSDT,0.02,-3.65,-3.37,3201.79,34
79,XRPUSDT,STMXUSDT,0.0,-5.12,-3.37,41.68,34
561,BOBAUSDT,THETAUSDT,0.01,-4.06,-3.37,0.32,34
398,SRMUSDT,SUSHIUSDT,0.01,-3.77,-3.37,0.71,34
144,LTCUSDT,MTLUSDT,0.03,-3.54,-3.37,45.09,34
526,SUNUSDT,ICPUSDT,0.04,-3.38,-3.37,0.0,34
390,NEARUSDT,CKBUSDT,0.03,-3.56,-3.37,1022.33,34
360,COMPUSDT,OGNUSDT,0.0,-4.42,-3.37,272.87,34
350,COMPUSDT,SLPUSDT,0.0,-4.18,-3.37,12057.33,34
352,COMPUSDT,DENTUSDT,0.02,-3.69,-3.37,49952.97,34
16,BTCUSDT,ASTRUSDT,0.01,-3.77,-3.37,528594.59,34
454,BICOUSDT,ENJUSDT,0.01,-4.07,-3.37,0.91,33
422,YGGUSDT,TRXUSDT,0.04,-3.45,-3.37,8.92,33
679,1000XECUSDT,THETAUSDT,0.0,-14.17,-3.37,0.04,33
329,FILUSDT,FLOWUSDT,0.0,-4.35,-3.37,2.98,33
161,LINKUSDT,SXPUSDT,0.03,-3.53,-3.37,17.73,33
457,BICOUSDT,ALGOUSDT,0.02,-3.75,-3.37,1.68,33
159,LINKUSDT,SLPUSDT,0.01,-4.01,-3.37,1678.99,33
536,BAKEUSDT,XRPUSDT,0.01,-3.97,-3.37,0.78,33
425,YGGUSDT,CEEKUSDT,0.04,-3.42,-3.37,3.0,33
365,COMPUSDT,DARUSDT,0.0,-4.22,-3.37,190.71,33
452,BICOUSDT,MANAUSDT,0.01,-3.98,-3.37,0.61,33
451,BICOUSDT,SANDUSDT,0.01,-3.96,-3.37,0.49,33
600,BOBAUSDT,FLOWUSDT,0.01,-3.91,-3.37,0.18,33
655,BOBAUSDT,ZILUSDT,0.0,-4.62,-3.37,10.23,33
363,COMPUSDT,ASTRUSDT,0.0,-4.24,-3.37,1248.12,33
361,COMPUSDT,HOTUSDT,0.0,-4.67,-3.37,22993.23,33
602,BOBAUSDT,LRCUSDT,0.0,-4.23,-3.37,1.02,33
631,BOBAUSDT,BICOUSDT,0.01,-3.85,-3.37,0.76,33
473,BICOUSDT,REQUSDT,0.03,-3.53,-3.37,4.29,33
401,AGLDUSDT,TRXUSDT,0.02,-3.73,-3.37,5.76,32
519,SUNUSDT,DOGEUSDT,0.0,-4.56,-3.37,0.09,32
514,JASMYUSDT,IMXUSDT,0.03,-3.52,-3.37,0.01,32
590,BOBAUSDT,C98USDT,0.0,-4.42,-3.37,0.95,32
522,SUNUSDT,SANDUSDT,0.01,-3.99,-3.37,0.01,32
113,LTCUSDT,ZECUSDT,0.03,-3.53,-3.37,0.85,32
684,1000XECUSDT,KSMUSDT,0.0,-14.17,-3.37,0.0,32
531,SUNUSDT,IMXUSDT,0.0,-5.17,-3.37,0.01,32
250,ADAUSDT,HOTUSDT,0.02,-3.62,-3.37,209.28,32
430,CVCUSDT,SHIB1000USDT,0.0,-4.15,-3.37,11.26,32
210,ADAUSDT,CROUSDT,0.04,-3.46,-3.37,3.6,32
205,ADAUSDT,BATUSDT,0.01,-3.85,-3.37,1.26,32
71,XRPUSDT,ZILUSDT,0.0,-4.37,-3.37,9.03,32
447,BICOUSDT,SOLUSDT,0.02,-3.75,-3.37,0.01,31
74,XRPUSDT,CKBUSDT,0.04,-3.46,-3.37,82.54,31
555,BOBAUSDT,BNBUSDT,0.02,-3.64,-3.37,0.0,31
450,BICOUSDT,COMPUSDT,0.02,-3.67,-3.37,0.01,31
463,BICOUSDT,ONEUSDT,0.01,-3.89,-3.37,23.03,31
552,BOBAUSDT,DOGEUSDT,0.01,-3.88,-3.37,5.66,31
369,MANAUSDT,DOGEUSDT,0.01,-4.01,-3.37,12.19,31
439,RSRUSDT,ETHUSDT,0.01,-3.81,-3.37,0.0,31
309,MATICUSDT,XNOUSDT,0.0,-4.26,-3.37,0.87,31
89,LTCUSDT,SUSHIUSDT,0.04,-3.39,-3.37,46.63,31
310,MATICUSDT,JSTUSDT,0.01,-4.03,-3.37,27.56,31
433,CVCUSDT,CKBUSDT,0.04,-3.42,-3.37,36.0,31
402,AGLDUSDT,RNDRUSDT,0.03,-3.53,-3.37,0.65,31
403,AGLDUSDT,REQUSDT,0.0,-4.25,-3.37,3.18,31
263,ADAUSDT,FITFIUSDT,0.03,-3.52,-3.37,5.28,31
478,BICOUSDT,LOOKSUSDT,0.01,-3.87,-3.37,1.86,31
34,ETHUSDT,SKLUSDT,0.0,-4.68,-3.37,31760.27,31
312,MATICUSDT,1000BTTUSDT,0.03,-3.55,-3.37,900.31,31
644,BOBAUSDT,WAVESUSDT,0.0,-4.44,-3.37,0.08,31
424,YGGUSDT,FXSUSDT,0.04,-3.41,-3.37,0.09,31
109,LTCUSDT,SLPUSDT,0.02,-3.6,-3.37,13204.85,31
107,LTCUSDT,BATUSDT,0.02,-3.72,-3.37,151.88,31
652,BOBAUSDT,JASMYUSDT,0.02,-3.71,-3.37,42.18,31
339,TRXUSDT,CTCUSDT,0.01,-4.05,-3.37,0.17,31
544,BOBAUSDT,XTZUSDT,0.01,-4.06,-3.37,0.24,31
219,ADAUSDT,RSRUSDT,0.01,-3.91,-3.37,75.67,30
204,ADAUSDT,CHRUSDT,0.0,-4.52,-3.37,2.66,30
709,1000XECUSDT,AGLDUSDT,0.0,-14.24,-3.37,0.12,30
156,LINKUSDT,COTIUSDT,0.04,-3.39,-3.37,71.89,30
340,COMPUSDT,SUSHIUSDT,0.0,-4.42,-3.37,42.58,30
243,ADAUSDT,1000BTTUSDT,0.04,-3.45,-3.37,512.12,30
406,AGLDUSDT,ASTRUSDT,0.03,-3.49,-3.37,9.3,30
153,LINKUSDT,AXSUSDT,0.02,-3.73,-3.37,0.49,30
628,BOBAUSDT,STXUSDT,0.01,-4.04,-3.37,1.0,30
120,LTCUSDT,MASKUSDT,0.01,-4.1,-3.37,40.13,30
572,BOBAUSDT,SHIB1000USDT,0.01,-3.87,-3.37,29.24,30
533,SUNUSDT,JASMYUSDT,0.01,-3.9,-3.37,0.64,30
136,LTCUSDT,KDAUSDT,0.04,-3.47,-3.37,33.23,30
95,LTCUSDT,OMGUSDT,0.0,-4.15,-3.37,28.73,30
776,FLMUSDT,ONEUSDT,0.04,-3.39,-3.37,6.07,30
582,BOBAUSDT,IOSTUSDT,0.01,-4.02,-3.37,28.8,30
127,LTCUSDT,NEOUSDT,0.02,-3.62,-3.37,5.67,30
373,MANAUSDT,IMXUSDT,0.01,-3.83,-3.37,0.97,30
575,BOBAUSDT,ICPUSDT,0.01,-3.81,-3.37,0.06,30
545,BOBAUSDT,LINKUSDT,0.01,-4.01,-3.37,0.06,30
98,LTCUSDT,GALAUSDT,0.01,-3.84,-3.37,1034.71,30
560,BOBAUSDT,VETUSDT,0.01,-4.0,-3.37,14.82,30
771,1000XECUSDT,10000NFTUSDT,0.0,-14.29,-3.37,7.4,30
100,LTCUSDT,COTIUSDT,0.01,-4.05,-3.37,565.42,30
570,BOBAUSDT,ENJUSDT,0.01,-4.05,-3.37,0.69,29
512,JASMYUSDT,ILVUSDT,0.02,-3.63,-3.37,0.0,29
338,TRXUSDT,FITFIUSDT,0.0,-4.31,-3.37,0.75,29
286,MATICUSDT,XRPUSDT,0.04,-3.42,-3.37,2.36,29
783,USDCUSDT,BTCUSDT,0.0,-7.84,-3.37,0.0,29
712,1000XECUSDT,ALICEUSDT,0.0,-14.17,-3.37,0.02,29
467,BICOUSDT,FLOWUSDT,0.03,-3.51,-3.37,0.24,29
648,BOBAUSDT,ROSEUSDT,0.0,-4.15,-3.37,5.55,29
592,BOBAUSDT,MKRUSDT,0.01,-3.97,-3.37,0.0,29
586,BOBAUSDT,GALAUSDT,0.01,-4.02,-3.37,7.26,29
152,LINKUSDT,DOTUSDT,0.02,-3.64,-3.37,0.94,29
132,LTCUSDT,BANDUSDT,0.0,-4.53,-3.37,41.1,29
30,ETHUSDT,LRCUSDT,0.0,-4.86,-3.37,4299.12,29
142,LTCUSDT,BAKEUSDT,0.0,-4.14,-3.37,206.66,29
565,BOBAUSDT,MANAUSDT,0.01,-3.88,-3.37,0.46,29
449,BICOUSDT,VETUSDT,0.02,-3.63,-3.37,19.42,29
359,COMPUSDT,KDAUSDT,0.04,-3.44,-3.37,30.34,29
278,UNIUSDT,MINAUSDT,0.0,-4.38,-3.37,9.7,29
550,BOBAUSDT,SUSHIUSDT,0.01,-3.91,-3.37,0.33,29
163,LINKUSDT,NEOUSDT,0.01,-3.88,-3.37,0.72,29
468,BICOUSDT,WOOUSDT,0.0,-4.14,-3.37,3.03,29
162,LINKUSDT,LITUSDT,0.03,-3.49,-3.37,9.23,29
597,BOBAUSDT,TLMUSDT,0.01,-3.9,-3.37,14.7,29
160,LINKUSDT,QTUMUSDT,0.01,-3.86,-3.37,2.06,29
351,COMPUSDT,IMXUSDT,0.01,-3.77,-3.37,58.66,28
637,BOBAUSDT,ARUSDT,0.01,-3.99,-3.37,0.03,28
517,NEOUSDT,BTCUSDT,0.03,-3.54,-3.37,0.0,28
577,BOBAUSDT,ALGOUSDT,0.01,-3.97,-3.37,1.28,28
121,LTCUSDT,1INCHUSDT,0.02,-3.67,-3.37,78.39,28
436,SCUSDT,HBARUSDT,0.03,-3.53,-3.37,0.06,28
105,LTCUSDT,LRCUSDT,0.03,-3.5,-3.37,145.5,28
192,ADAUSDT,GALAUSDT,0.03,-3.53,-3.37,8.6,28
356,COMPUSDT,CKBUSDT,0.01,-3.84,-3.37,12173.88,28
690,1000XECUSDT,SHIB1000USDT,0.0,-14.15,-3.37,3.27,28
171,LINKUSDT,BAKEUSDT,0.0,-4.68,-3.37,26.28,28
140,LTCUSDT,ALPHAUSDT,0.02,-3.75,-3.37,429.93,28
314,MATICUSDT,ARPAUSDT,0.04,-3.47,-3.37,21.55,28
749,1000XECUSDT,BICOUSDT,0.0,-14.19,-3.37,0.09,28
549,BOBAUSDT,XEMUSDT,0.0,-4.35,-3.37,8.39,28
293,MATICUSDT,BSVUSDT,0.01,-4.0,-3.37,0.01,28
508,CREAMUSDT,BTCUSDT,0.01,-3.81,-3.37,0.0,28
538,BOBAUSDT,BTCUSDT,0.01,-3.85,-3.37,0.0,28
300,MATICUSDT,KLAYUSDT,0.0,-4.38,-3.37,3.24,27
99,LTCUSDT,MKRUSDT,0.02,-3.73,-3.37,0.07,27
465,BICOUSDT,RUNEUSDT,0.02,-3.71,-3.37,0.24,27
654,BOBAUSDT,HNTUSDT,0.0,-4.17,-3.37,0.06,27
459,BICOUSDT,SRMUSDT,0.01,-3.8,-3.37,0.61,27
607,BOBAUSDT,STORJUSDT,0.0,-4.39,-3.37,0.67,27
469,BICOUSDT,BATUSDT,0.02,-3.71,-3.37,1.4,27
511,JASMYUSDT,ONEUSDT,0.01,-3.77,-3.37,0.42,27
345,COMPUSDT,ALGOUSDT,0.03,-3.55,-3.37,166.5,27
623,BOBAUSDT,LITUSDT,0.01,-3.92,-3.37,0.51,27
146,LTCUSDT,TOMOUSDT,0.05,-3.37,-3.37,106.74,27
137,LTCUSDT,APEUSDT,0.01,-3.86,-3.37,10.65,27
782,BELUSDT,XTZUSDT,0.03,-3.59,-3.37,0.45,27
562,BOBAUSDT,COMPUSDT,0.02,-3.7,-3.37,0.01,27
281,UNIUSDT,CTCUSDT,0.01,-3.8,-3.37,18.58,27
520,SUNUSDT,FILUSDT,0.03,-3.5,-3.37,0.0,27
336,TRXUSDT,ASTRUSDT,0.01,-3.79,-3.37,1.61,27
589,BOBAUSDT,ONEUSDT,0.01,-3.83,-3.37,17.57,27
394,NEARUSDT,HOTUSDT,0.03,-3.49,-3.37,1930.85,27
740,1000XECUSDT,GTCUSDT,0.0,-14.2,-3.37,0.02,27
704,1000XECUSDT,GALAUSDT,0.0,-14.13,-3.37,0.81,27
588,BOBAUSDT,HBARUSDT,0.01,-3.87,-3.37,5.78,27
330,FILUSDT,IMXUSDT,0.0,-4.76,-3.37,7.36,27
477,BICOUSDT,DENTUSDT,0.03,-3.54,-3.37,502.91,27
415,IOTXUSDT,CVXUSDT,0.02,-3.62,-3.37,0.01,27
13,BTCUSDT,KDAUSDT,0.01,-4.01,-3.37,12850.42,27
112,LTCUSDT,SXPUSDT,0.0,-4.18,-3.37,139.46,27
279,UNIUSDT,GALUSDT,0.02,-3.59,-3.37,2.57,26
437,SCUSDT,C98USDT,0.0,-4.12,-3.37,0.01,26
380,FTMUSDT,DOGEUSDT,0.02,-3.72,-3.37,4.4,26
246,ADAUSDT,KDAUSDT,0.0,-4.37,-3.37,0.28,26
344,COMPUSDT,FTMUSDT,0.02,-3.69,-3.37,167.6,26
413,IOTXUSDT,CTKUSDT,0.0,-4.16,-3.37,0.04,26
355,COMPUSDT,RAYUSDT,0.03,-3.53,-3.37,71.81,26
435,SCUSDT,XTZUSDT,0.04,-3.46,-3.37,0.0,26
332,FILUSDT,LOOKSUSDT,0.02,-3.66,-3.37,23.12,26
292,MATICUSDT,GRTUSDT,0.01,-3.81,-3.37,7.34,26
0,BTCUSDT,VETUSDT,0.01,-3.91,-3.37,817035.06,26
337,TRXUSDT,MINAUSDT,0.01,-3.86,-3.37,0.09,26
202,ADAUSDT,LRCUSDT,0.0,-4.33,-3.37,1.21,26
158,LINKUSDT,WOOUSDT,0.02,-3.62,-3.37,41.89,26
138,LTCUSDT,OGNUSDT,0.02,-3.72,-3.37,298.84,26
541,BOBAUSDT,XRPUSDT,0.01,-3.88,-3.37,1.13,26
182,ADAUSDT,THETAUSDT,0.01,-4.09,-3.37,0.38,26
101,LTCUSDT,ALICEUSDT,0.01,-3.87,-3.37,25.0,26
546,BOBAUSDT,ADAUSDT,0.01,-3.94,-3.37,0.84,26
93,LTCUSDT,SHIB1000USDT,0.04,-3.38,-3.37,4169.06,26
92,LTCUSDT,GRTUSDT,0.02,-3.71,-3.37,502.42,26
68,XRPUSDT,IOTAUSDT,0.0,-4.71,-3.37,1.16,26
566,BOBAUSDT,KSMUSDT,0.02,-3.69,-3.37,0.01,26
62,XRPUSDT,EGLDUSDT,0.0,-5.34,-3.37,0.01,26
58,XRPUSDT,XEMUSDT,0.0,-4.72,-3.37,7.4,26
191,ADAUSDT,IOSTUSDT,0.01,-3.85,-3.37,34.12,26
15,BTCUSDT,CTSIUSDT,0.0,-4.57,-3.37,140857.88,26
649,BOBAUSDT,DENTUSDT,0.01,-4.11,-3.37,383.73,26
10,BTCUSDT,CELOUSDT,0.02,-3.71,-3.37,23915.54,26
616,BOBAUSDT,ZECUSDT,0.01,-4.06,-3.37,0.01,26
624,BOBAUSDT,CVCUSDT,0.01,-3.97,-3.37,2.6,26
626,BOBAUSDT,SCUSDT,0.01,-4.03,-3.37,93.66,26
208,ADAUSDT,SLPUSDT,0.03,-3.55,-3.37,109.73,26
606,BOBAUSDT,BATUSDT,0.01,-4.01,-3.37,1.07,25
333,SOLUSDT,DOGEUSDT,0.01,-3.97,-3.37,516.0,25
133,LTCUSDT,OCEANUSDT,0.04,-3.38,-3.37,329.29,25
125,LTCUSDT,WAVESUSDT,0.02,-3.7,-3.37,11.22,25
733,1000XECUSDT,YGGUSDT,0.0,-14.17,-3.37,0.07,25
440,BICOUSDT,BTCUSDT,0.03,-3.53,-3.37,0.0,25
288,MATICUSDT,XEMUSDT,0.01,-3.99,-3.37,17.47,25
382,ALGOUSDT,DOGEUSDT,0.03,-3.57,-3.37,4.43,25
661,1000XECUSDT,LTCUSDT,0.0,-14.23,-3.37,0.0,25
18,BTCUSDT,MTLUSDT,0.04,-3.4,-3.37,17433.88,25
633,BOBAUSDT,1INCHUSDT,0.01,-4.05,-3.37,0.55,25
327,FILUSDT,ALGOUSDT,0.02,-3.75,-3.37,20.88,25
571,BOBAUSDT,GRTUSDT,0.01,-3.98,-3.37,3.52,25
664,1000XECUSDT,ADAUSDT,0.0,-14.17,-3.37,0.09,25
311,MATICUSDT,RSS3USDT,0.01,-4.02,-3.37,7.05,25
530,SUNUSDT,ILVUSDT,0.03,-3.56,-3.37,0.0,25
580,BOBAUSDT,SRMUSDT,0.01,-4.01,-3.37,0.46,25
581,BOBAUSDT,OMGUSDT,0.01,-4.05,-3.37,0.2,25
47,ETHUSDT,CTSIUSDT,0.01,-3.85,-3.37,10763.08,25
596,BOBAUSDT,RENUSDT,0.02,-3.73,-3.37,2.93,25
318,MATICUSDT,DODOUSDT,0.01,-4.03,-3.37,5.9,25
143,LTCUSDT,ASTRUSDT,0.04,-3.47,-3.37,1367.03,25
444,BICOUSDT,ADAUSDT,0.03,-3.5,-3.37,1.11,25
155,LINKUSDT,MKRUSDT,0.0,-4.96,-3.37,0.01,25
683,1000XECUSDT,MANAUSDT,0.0,-14.21,-3.37,0.05,25
445,BICOUSDT,XEMUSDT,0.04,-3.43,-3.37,10.99,25
448,BICOUSDT,XLMUSDT,0.02,-3.61,-3.37,4.64,25
456,BICOUSDT,FTMUSDT,0.01,-4.01,-3.37,1.69,25
458,BICOUSDT,NEARUSDT,0.02,-3.72,-3.37,0.12,25
461,BICOUSDT,CELRUSDT,0.01,-3.99,-3.37,25.88,25
428,SFPUSDT,YFIUSDT,0.02,-3.64,-3.37,0.0,25
427,SFPUSDT,ETCUSDT,0.04,-3.44,-3.37,0.01,25
470,BICOUSDT,IMXUSDT,0.0,-4.16,-3.37,0.59,25
700,1000XECUSDT,IOSTUSDT,0.0,-14.18,-3.37,3.22,25
521,SUNUSDT,SOLUSDT,0.0,-4.53,-3.37,0.0,25
699,1000XECUSDT,OMGUSDT,0.0,-14.18,-3.37,0.02,25
739,1000XECUSDT,SKLUSDT,0.0,-14.14,-3.37,0.84,25
677,1000XECUSDT,TRXUSDT,0.0,-14.19,-3.37,0.66,25
174,LINKUSDT,DARUSDT,0.0,-4.42,-3.37,26.55,25
509,JASMYUSDT,UNIUSDT,0.02,-3.63,-3.37,0.0,25
94,LTCUSDT,DYDXUSDT,0.03,-3.59,-3.37,32.12,24
341,COMPUSDT,AVAXUSDT,0.01,-3.85,-3.37,2.23,24
115,LTCUSDT,ZENUSDT,0.0,-4.62,-3.37,3.31,24
610,BOBAUSDT,ANKRUSDT,0.0,-4.34,-3.37,10.06,24
214,ADAUSDT,AUDIOUSDT,0.01,-3.87,-3.37,1.49,24
179,ADAUSDT,XEMUSDT,0.01,-4.02,-3.37,9.94,24
226,ADAUSDT,REEFUSDT,0.02,-3.76,-3.37,119.9,24
119,LTCUSDT,RNDRUSDT,0.03,-3.55,-3.37,94.84,24
423,YGGUSDT,ASTRUSDT,0.03,-3.5,-3.37,14.4,24
173,LINKUSDT,MINAUSDT,0.02,-3.64,-3.37,9.77,24
231,ADAUSDT,DENTUSDT,0.0,-4.37,-3.37,454.64,24
232,ADAUSDT,CREAMUSDT,0.04,-3.43,-3.37,0.03,24
5,BTCUSDT,BATUSDT,0.01,-3.79,-3.37,58726.42,24
181,ADAUSDT,VETUSDT,0.02,-3.68,-3.37,17.56,24
411,IOTXUSDT,LPTUSDT,0.04,-3.44,-3.37,0.0,24
543,BOBAUSDT,LTCUSDT,0.02,-3.72,-3.37,0.01,24
187,ADAUSDT,SHIB1000USDT,0.0,-4.57,-3.37,34.65,24
547,BOBAUSDT,DOTUSDT,0.01,-3.99,-3.37,0.05,24
366,COMPUSDT,AKROUSDT,0.04,-3.39,-3.37,12574.12,24
260,ADAUSDT,DODOUSDT,0.02,-3.68,-3.37,3.35,24
80,XRPUSDT,DGBUSDT,0.02,-3.74,-3.37,31.63,24
412,IOTXUSDT,SFPUSDT,0.04,-3.45,-3.37,0.08,24
64,XRPUSDT,RSRUSDT,0.04,-3.46,-3.37,56.36,24
558,BOBAUSDT,XLMUSDT,0.01,-3.9,-3.37,3.54,24
711,1000XECUSDT,COTIUSDT,0.0,-14.18,-3.37,0.44,24
723,1000XECUSDT,CHRUSDT,0.0,-14.17,-3.37,0.25,24
559,BOBAUSDT,TRXUSDT,0.02,-3.65,-3.37,5.94,23
438,SCUSDT,STXUSDT,0.01,-3.91,-3.37,0.01,23
548,BOBAUSDT,UNIUSDT,0.01,-3.8,-3.37,0.06,23
557,BOBAUSDT,SOLUSDT,0.01,-3.78,-3.37,0.01,23
705,1000XECUSDT,CELRUSDT,0.0,-14.17,-3.37,2.21,23
702,1000XECUSDT,FTTUSDT,0.0,-14.25,-3.37,0.0,23
464,BICOUSDT,ALICEUSDT,0.04,-3.4,-3.37,0.23,23
429,LITUSDT,BTCUSDT,0.03,-3.58,-3.37,0.0,23
604,BOBAUSDT,IOTXUSDT,0.01,-3.78,-3.37,12.25,23
598,BOBAUSDT,RUNEUSDT,0.01,-4.02,-3.37,0.18,23
707,1000XECUSDT,ONEUSDT,0.0,-14.17,-3.37,1.96,23
379,YFIUSDT,CVXUSDT,0.02,-3.73,-3.37,1689.88,23
471,BICOUSDT,SKLUSDT,0.02,-3.64,-3.37,9.88,23
670,1000XECUSDT,DOGEUSDT,0.0,-14.17,-3.37,0.63,23
656,1000XECUSDT,BTCUSDT,0.0,-14.19,-3.37,0.0,23
245,ADAUSDT,PAXGUSDT,0.0,-4.93,-3.37,0.0,23
334,XLMUSDT,BTCUSDT,0.02,-3.73,-3.37,0.0,23
775,DARUSDT,BTCUSDT,0.03,-3.54,-3.37,0.0,23
275,UNIUSDT,IMXUSDT,0.03,-3.54,-3.37,8.1,23
81,XRPUSDT,SCRTUSDT,0.0,-5.67,-3.37,0.29,23
52,ETHUSDT,LINAUSDT,0.03,-3.56,-3.37,193821.5,23
96,LTCUSDT,DASHUSDT,0.04,-3.44,-3.37,1.17,23
727,1000XECUSDT,SLPUSDT,0.0,-14.16,-3.37,10.35,23
262,ADAUSDT,DARUSDT,0.01,-3.95,-3.37,1.74,23
21,ETHUSDT,THETAUSDT,0.01,-3.88,-3.37,1335.49,23
767,1000XECUSDT,DENTUSDT,0.0,-14.15,-3.37,42.88,23
76,XRPUSDT,1000BTTUSDT,0.01,-3.99,-3.37,381.5,23
349,COMPUSDT,WOOUSDT,0.0,-4.61,-3.37,300.8,22
770,1000XECUSDT,JASMYUSDT,0.0,-14.13,-3.37,4.71,22
617,BOBAUSDT,IMXUSDT,0.01,-3.85,-3.37,0.45,22
523,SUNUSDT,MANAUSDT,0.0,-4.32,-3.37,0.01,22
259,ADAUSDT,MTLUSDT,0.01,-3.98,-3.37,0.37,22
532,SUNUSDT,CELOUSDT,0.04,-3.43,-3.37,0.01,22
196,ADAUSDT,MKRUSDT,0.04,-3.4,-3.37,0.0,22
594,BOBAUSDT,ALICEUSDT,0.0,-4.19,-3.37,0.18,22
197,ADAUSDT,COTIUSDT,0.03,-3.53,-3.37,4.7,22
272,UNIUSDT,DOGEUSDT,0.01,-4.0,-3.37,101.86,22
248,ADAUSDT,OGNUSDT,0.01,-3.97,-3.37,2.48,22
6,BTCUSDT,QTUMUSDT,0.02,-3.75,-3.37,6262.5,22
53,ETHUSDT,MINAUSDT,0.02,-3.74,-3.37,2270.93,22
326,FILUSDT,AVAXUSDT,0.02,-3.63,-3.37,0.28,22
60,XRPUSDT,BSVUSDT,0.04,-3.46,-3.37,0.01,22
216,ADAUSDT,SKLUSDT,0.0,-4.21,-3.37,8.93,22
206,ADAUSDT,STORJUSDT,0.01,-3.9,-3.37,0.79,22
774,ACHUSDT,BTCUSDT,0.02,-3.65,-3.37,0.0,22
518,CKBUSDT,BTCUSDT,0.01,-4.06,-3.37,0.0,22
525,SUNUSDT,ENJUSDT,0.02,-3.66,-3.37,0.01,22
247,ADAUSDT,APEUSDT,0.03,-3.59,-3.37,0.09,22
362,COMPUSDT,BAKEUSDT,0.01,-3.99,-3.37,188.69,22
188,ADAUSDT,ICPUSDT,0.04,-3.41,-3.37,0.07,22
17,BTCUSDT,MINAUSDT,0.0,-4.65,-3.37,29722.15,22
357,COMPUSDT,OCEANUSDT,0.04,-3.38,-3.37,300.69,22
358,COMPUSDT,API3USDT,0.01,-3.88,-3.37,26.55,22
237,ADAUSDT,NEOUSDT,0.01,-3.85,-3.37,0.05,22
172,LINKUSDT,ASTRUSDT,0.03,-3.49,-3.37,173.8,22
213,ADAUSDT,IMXUSDT,0.03,-3.53,-3.37,0.53,22
692,1000XECUSDT,BSVUSDT,0.0,-14.49,-3.37,0.0,22
620,BOBAUSDT,ZENUSDT,0.01,-3.79,-3.37,0.02,22
671,1000XECUSDT,MATICUSDT,0.0,-14.33,-3.37,0.05,21
675,1000XECUSDT,SOLUSDT,0.0,-14.25,-3.37,0.0,21
750,1000XECUSDT,REQUSDT,0.0,-14.19,-3.37,0.37,21
446,BICOUSDT,SUSHIUSDT,0.01,-3.8,-3.37,0.43,21
676,1000XECUSDT,XLMUSDT,0.0,-14.18,-3.37,0.4,21
688,1000XECUSDT,ENJUSDT,0.0,-14.18,-3.37,0.08,21
442,BICOUSDT,XTZUSDT,0.03,-3.57,-3.37,0.32,21
674,1000XECUSDT,FILUSDT,0.0,-14.23,-3.37,0.01,21
116,LTCUSDT,SKLUSDT,0.04,-3.44,-3.37,1074.77,21
513,JASMYUSDT,FLOWUSDT,0.03,-3.49,-3.37,0.0,21
551,BOBAUSDT,AAVEUSDT,0.01,-3.79,-3.37,0.0,21
693,1000XECUSDT,ICPUSDT,0.0,-14.18,-3.37,0.01,21
84,XRPUSDT,USDCUSDT,0.03,-3.56,-3.37,0.34,21
397,NEARUSDT,ONTUSDT,0.01,-3.89,-3.37,16.68,21
529,SUNUSDT,ONEUSDT,0.0,-4.42,-3.37,0.27,21
745,1000XECUSDT,RSRUSDT,0.0,-14.13,-3.37,7.14,21
77,XRPUSDT,PAXGUSDT,0.0,-4.33,-3.37,0.0,21
368,AXSUSDT,ETHUSDT,0.05,-3.37,-3.37,0.01,21
641,BOBAUSDT,IOTAUSDT,0.0,-4.34,-3.37,1.31,21
630,BOBAUSDT,CTKUSDT,0.01,-3.99,-3.37,0.44,21
19,ETHUSDT,XTZUSDT,0.04,-3.41,-3.37,1022.73,21
632,BOBAUSDT,REQUSDT,0.02,-3.73,-3.37,3.27,21
297,MATICUSDT,ZECUSDT,0.03,-3.56,-3.37,0.01,21
612,BOBAUSDT,QTUMUSDT,0.01,-3.87,-3.37,0.11,21
717,1000XECUSDT,ILVUSDT,0.0,-14.21,-3.37,0.0,21
636,BOBAUSDT,DUSKUSDT,0.02,-3.7,-3.37,2.93,21
647,BOBAUSDT,KAVAUSDT,0.01,-3.99,-3.37,0.21,21
576,BOBAUSDT,FTMUSDT,0.01,-3.97,-3.37,1.29,21
367,COMPUSDT,ONTUSDT,0.02,-3.6,-3.37,198.66,21
391,NEARUSDT,KDAUSDT,0.04,-3.46,-3.37,2.55,21
650,BOBAUSDT,CREAMUSDT,0.02,-3.68,-3.37,0.02,21
601,BOBAUSDT,WOOUSDT,0.01,-3.97,-3.37,2.31,21
303,MATICUSDT,REEFUSDT,0.01,-3.96,-3.37,210.81,20
242,ADAUSDT,BANDUSDT,0.04,-3.46,-3.37,0.34,20
305,MATICUSDT,KNCUSDT,0.03,-3.48,-3.37,0.45,20
239,ADAUSDT,RAYUSDT,0.0,-4.3,-3.37,0.65,20
395,NEARUSDT,MINAUSDT,0.02,-3.59,-3.37,5.89,20
353,COMPUSDT,LOOKSUSDT,0.04,-3.43,-3.37,184.34,20
741,1000XECUSDT,LITUSDT,0.0,-14.17,-3.37,0.06,20
721,1000XECUSDT,ENSUSDT,0.0,-14.22,-3.37,0.0,20
720,1000XECUSDT,LRCUSDT,0.0,-14.17,-3.37,0.11,20
685,1000XECUSDT,AVAXUSDT,0.0,-14.16,-3.37,0.0,20
634,BOBAUSDT,KLAYUSDT,0.01,-3.82,-3.37,1.55,20
322,MATICUSDT,CEEKUSDT,0.04,-3.41,-3.37,4.15,20
7,BTCUSDT,IMXUSDT,0.03,-3.56,-3.37,24840.66,20
201,ADAUSDT,WOOUSDT,0.02,-3.63,-3.37,2.74,20
169,LINKUSDT,CTSIUSDT,0.01,-3.92,-3.37,46.32,20
73,XRPUSDT,RAYUSDT,0.03,-3.59,-3.37,0.49,20
335,TRXUSDT,KSMUSDT,0.03,-3.58,-3.37,0.0,20
708,1000XECUSDT,C98USDT,0.0,-14.18,-3.37,0.11,20
715,1000XECUSDT,TLMUSDT,0.0,-14.25,-3.37,1.64,20
735,1000XECUSDT,IMXUSDT,0.0,-14.17,-3.37,0.05,20
126,LTCUSDT,DENTUSDT,0.03,-3.48,-3.37,54707.01,20
378,YFIUSDT,CRVUSDT,0.05,-3.37,-3.37,8300.61,20
404,AGLDUSDT,CELOUSDT,0.02,-3.66,-3.37,0.42,20
409,FLOWUSDT,UNIUSDT,0.02,-3.76,-3.37,0.3,20
257,ADAUSDT,MINAUSDT,0.01,-3.92,-3.37,0.64,20
399,HBARUSDT,BTCUSDT,0.01,-3.87,-3.37,0.0,20
29,ETHUSDT,WOOUSDT,0.02,-3.68,-3.37,9733.63,20
556,BOBAUSDT,FILUSDT,0.01,-3.79,-3.37,0.06,19
564,BOBAUSDT,SANDUSDT,0.02,-3.76,-3.37,0.37,19
665,1000XECUSDT,DOTUSDT,0.0,-14.17,-3.37,0.01,19
472,BICOUSDT,GTCUSDT,0.04,-3.38,-3.37,0.21,19
695,1000XECUSDT,ALGOUSDT,0.0,-14.18,-3.37,0.14,19
694,1000XECUSDT,FTMUSDT,0.0,-14.17,-3.37,0.14,19
51,ETHUSDT,ZRXUSDT,0.03,-3.53,-3.37,5305.24,19
638,BOBAUSDT,REEFUSDT,0.01,-3.88,-3.37,101.2,19
653,BOBAUSDT,10000NFTUSDT,0.01,-3.82,-3.37,66.23,19
474,BICOUSDT,ICXUSDT,0.03,-3.56,-3.37,1.78,19
167,LINKUSDT,API3USDT,0.0,-5.26,-3.37,3.7,19
49,ETHUSDT,ALPHAUSDT,0.01,-3.94,-3.37,12702.42,19
166,LINKUSDT,BANDUSDT,0.03,-3.51,-3.37,5.23,19
682,1000XECUSDT,SANDUSDT,0.0,-14.17,-3.37,0.04,19
766,1000XECUSDT,ROSEUSDT,0.0,-14.21,-3.37,0.62,19
599,BOBAUSDT,ILVUSDT,0.02,-3.74,-3.37,0.0,19
539,BOBAUSDT,ETHUSDT,0.01,-4.07,-3.37,0.0,19
38,ETHUSDT,WAVESUSDT,0.01,-4.0,-3.37,331.48,19
507,KAVAUSDT,DOGEUSDT,0.01,-4.07,-3.37,26.5,19
609,BOBAUSDT,SLPUSDT,0.01,-3.92,-3.37,92.61,19
31,ETHUSDT,ENSUSDT,0.02,-3.63,-3.37,123.63,19
26,ETHUSDT,C98USDT,0.04,-3.39,-3.37,3980.9,19
618,BOBAUSDT,SFPUSDT,0.01,-3.86,-3.37,1.04,19
157,LINKUSDT,RUNEUSDT,0.02,-3.73,-3.37,3.29,19
46,ETHUSDT,OGNUSDT,0.0,-4.27,-3.37,8829.88,19
328,FILUSDT,ONEUSDT,0.02,-3.73,-3.37,287.01,19
453,BICOUSDT,AVAXUSDT,0.02,-3.73,-3.37,0.02,19
220,ADAUSDT,STXUSDT,0.03,-3.55,-3.37,1.18,19
388,NEARUSDT,DENTUSDT,0.01,-3.94,-3.37,4194.66,19
386,NEARUSDT,CELRUSDT,0.03,-3.58,-3.37,215.83,19
730,1000XECUSDT,QTUMUSDT,0.0,-14.18,-3.37,0.01,19
441,BICOUSDT,ETHUSDT,0.03,-3.49,-3.37,0.0,19
381,FTMUSDT,XLMUSDT,0.04,-3.43,-3.37,2.75,19
421,SLPUSDT,BTCUSDT,0.03,-3.51,-3.37,0.0,19
372,MANAUSDT,FLOWUSDT,0.03,-3.51,-3.37,0.39,19
371,MANAUSDT,ONEUSDT,0.03,-3.55,-3.37,37.82,19
407,AGLDUSDT,FITFIUSDT,0.04,-3.45,-3.37,4.33,19
732,1000XECUSDT,SXPUSDT,0.0,-14.19,-3.37,0.11,19
348,COMPUSDT,FLOWUSDT,0.02,-3.7,-3.37,23.73,19
737,1000XECUSDT,AUDIOUSDT,0.0,-14.16,-3.37,0.14,19
462,BICOUSDT,HBARUSDT,0.02,-3.76,-3.37,7.57,19
185,ADAUSDT,AVAXUSDT,0.03,-3.52,-3.37,0.02,18
385,NEARUSDT,SRMUSDT,0.01,-3.89,-3.37,5.06,18
593,BOBAUSDT,COTIUSDT,0.01,-3.88,-3.37,3.97,18
108,LTCUSDT,SNXUSDT,0.01,-4.03,-3.37,18.72,18
591,BOBAUSDT,AGLDUSDT,0.02,-3.65,-3.37,1.03,18
183,ADAUSDT,AXSUSDT,0.02,-3.74,-3.37,0.03,18
343,COMPUSDT,SHIB1000USDT,0.04,-3.47,-3.37,3806.49,18
238,ADAUSDT,XNOUSDT,0.01,-3.87,-3.37,0.5,18
241,ADAUSDT,JSTUSDT,0.01,-4.07,-3.37,15.68,18
319,MATICUSDT,TOMOUSDT,0.02,-3.61,-3.37,1.56,18
584,BOBAUSDT,FTTUSDT,0.01,-3.77,-3.37,0.01,18
567,BOBAUSDT,AVAXUSDT,0.01,-3.97,-3.37,0.02,18
244,ADAUSDT,API3USDT,0.03,-3.5,-3.37,0.24,18
249,ADAUSDT,CTSIUSDT,0.01,-4.05,-3.37,3.03,18
755,1000XECUSDT,ARUSDT,0.0,-14.17,-3.37,0.0,18
251,ADAUSDT,ALPHAUSDT,0.01,-3.78,-3.37,3.57,18
230,ADAUSDT,RVNUSDT,0.04,-3.42,-3.37,14.73,18
211,ADAUSDT,SXPUSDT,0.03,-3.55,-3.37,1.16,18
396,NEARUSDT,OPUSDT,0.03,-3.51,-3.37,3.56,18
375,ENJUSDT,DOGEUSDT,0.03,-3.58,-3.37,8.18,18
768,1000XECUSDT,CREAMUSDT,0.0,-14.4,-3.37,0.0,18
725,1000XECUSDT,STORJUSDT,0.0,-14.18,-3.37,0.07,18
264,ADAUSDT,AKROUSDT,0.04,-3.45,-3.37,114.43,18
218,ADAUSDT,LITUSDT,0.02,-3.6,-3.37,0.6,18
78,XRPUSDT,ARPAUSDT,0.01,-4.0,-3.37,9.13,18
613,BOBAUSDT,CROUSDT,0.01,-3.95,-3.37,3.04,18
12,BTCUSDT,OCEANUSDT,0.02,-3.66,-3.37,127328.62,18
221,ADAUSDT,MASKUSDT,0.03,-3.55,-3.37,0.33,18
273,UNIUSDT,SANDUSDT,0.01,-3.8,-3.37,6.67,18
643,BOBAUSDT,CELOUSDT,0.01,-3.81,-3.37,0.43,18
573,BOBAUSDT,YFIUSDT,0.01,-3.95,-3.37,0.0,18
747,1000XECUSDT,MASKUSDT,0.0,-14.25,-3.37,0.03,18
151,LTCUSDT,INJUSDT,0.01,-4.09,-3.37,31.78,18
276,UNIUSDT,GMTUSDT,0.0,-4.38,-3.37,8.87,18
554,BOBAUSDT,ETCUSDT,0.01,-3.81,-3.37,0.01,18
553,BOBAUSDT,MATICUSDT,0.02,-3.66,-3.37,0.48,17
103,LTCUSDT,RUNEUSDT,0.04,-3.45,-3.37,25.85,17
773,1000XECUSDT,ZILUSDT,0.0,-14.21,-3.37,1.14,17
85,BCHUSDT,DYDXUSDT,0.01,-3.79,-3.37,72.03,17
43,ETHUSDT,PAXGUSDT,0.02,-3.71,-3.37,0.93,17
731,1000XECUSDT,CROUSDT,0.0,-14.25,-3.37,0.34,17
24,ETHUSDT,OMGUSDT,0.02,-3.73,-3.37,848.88,17
659,1000XECUSDT,XRPUSDT,0.0,-14.2,-3.37,0.13,17
646,BOBAUSDT,KNCUSDT,0.02,-3.68,-3.37,0.21,17
635,BOBAUSDT,ANTUSDT,0.02,-3.65,-3.37,0.23,17
718,1000XECUSDT,FLOWUSDT,0.0,-14.2,-3.37,0.02,17
308,MATICUSDT,ZILUSDT,0.04,-3.45,-3.37,21.31,17
724,1000XECUSDT,BATUSDT,0.0,-14.16,-3.37,0.12,17
662,1000XECUSDT,XTZUSDT,0.0,-14.17,-3.37,0.03,17
370,MANAUSDT,SOLUSDT,0.05,-3.37,-3.37,0.02,17
578,BOBAUSDT,DYDXUSDT,0.02,-3.72,-3.37,0.23,17
614,BOBAUSDT,SXPUSDT,0.01,-4.02,-3.37,0.98,17
611,BOBAUSDT,LPTUSDT,0.01,-3.91,-3.37,0.04,17
33,ETHUSDT,AUDIOUSDT,0.01,-3.9,-3.37,5307.36,17
35,ETHUSDT,MASKUSDT,0.04,-3.41,-3.37,1185.69,17
39,ETHUSDT,DENTUSDT,0.0,-4.68,-3.37,1616461.84,17
45,ETHUSDT,APEUSDT,0.01,-3.9,-3.37,314.57,17
583,BOBAUSDT,DASHUSDT,0.01,-3.9,-3.37,0.01,17
104,LTCUSDT,WOOUSDT,0.04,-3.45,-3.37,329.38,17
765,1000XECUSDT,KAVAUSDT,0.0,-14.2,-3.37,0.02,17
710,1000XECUSDT,MKRUSDT,0.0,-14.17,-3.37,0.0,17
681,1000XECUSDT,AXSUSDT,0.0,-14.17,-3.37,0.0,17
697,1000XECUSDT,NEARUSDT,0.0,-14.18,-3.37,0.01,17
760,1000XECUSDT,ICXUSDT,0.0,-14.16,-3.37,0.15,17
482,DUSKUSDT,ETHUSDT,0.0,-4.49,-3.37,0.0,17
678,1000XECUSDT,VETUSDT,0.0,-14.16,-3.37,1.66,17
698,1000XECUSDT,SRMUSDT,0.0,-14.17,-3.37,0.05,17
443,BICOUSDT,LINKUSDT,0.03,-3.58,-3.37,0.07,17
135,LTCUSDT,API3USDT,0.01,-3.97,-3.37,29.07,17
483,DUSKUSDT,EOSUSDT,0.01,-3.88,-3.37,0.08,17
515,JASMYUSDT,HNTUSDT,0.03,-3.53,-3.37,0.0,17
301,MATICUSDT,ANTUSDT,0.03,-3.5,-3.37,0.48,16
165,LINKUSDT,CKBUSDT,0.02,-3.74,-3.37,1695.23,16
56,ETHUSDT,OPUSDT,0.04,-3.41,-3.37,1371.81,16
55,ETHUSDT,DARUSDT,0.03,-3.48,-3.37,6171.54,16
252,ADAUSDT,STMXUSDT,0.01,-3.85,-3.37,55.94,16
69,XRPUSDT,CREAMUSDT,0.03,-3.48,-3.37,0.02,16
175,LINKUSDT,OPUSDT,0.0,-4.12,-3.37,5.9,16
177,ADAUSDT,XTZUSDT,0.0,-4.59,-3.37,0.29,16
190,ADAUSDT,OMGUSDT,0.02,-3.72,-3.37,0.24,16
253,ADAUSDT,DGBUSDT,0.02,-3.75,-3.37,42.46,16
615,BOBAUSDT,YGGUSDT,0.02,-3.64,-3.37,0.66,16
233,ADAUSDT,LOOKSUSDT,0.04,-3.41,-3.37,1.68,16
267,ADAUSDT,ONTUSDT,0.0,-4.14,-3.37,1.81,16
603,BOBAUSDT,ENSUSDT,0.01,-3.89,-3.37,0.03,16
59,XRPUSDT,ETCUSDT,0.0,-4.96,-3.37,0.01,16
164,LINKUSDT,RAYUSDT,0.02,-3.71,-3.37,10.0,16
639,BOBAUSDT,XMRUSDT,0.02,-3.63,-3.37,0.0,16
14,BTCUSDT,OGNUSDT,0.01,-3.99,-3.37,115546.56,16
2,BTCUSDT,AVAXUSDT,0.0,-4.95,-3.37,942.83,16
3,BTCUSDT,COTIUSDT,0.01,-3.94,-3.37,218613.36,16
323,MATICUSDT,INJUSDT,0.0,-5.04,-3.37,0.46,16
410,ENSUSDT,BTCUSDT,0.02,-3.64,-3.37,0.0,16
198,ADAUSDT,ALICEUSDT,0.01,-4.08,-3.37,0.21,16
8,BTCUSDT,GTCUSDT,0.0,-4.43,-3.37,8907.44,16
11,BTCUSDT,RAYUSDT,0.01,-3.87,-3.37,30406.8,16
321,MATICUSDT,BELUSDT,0.05,-3.37,-3.37,1.13,16
320,MATICUSDT,LUNA2USDT,0.01,-4.05,-3.37,0.48,16
277,UNIUSDT,ASTRUSDT,0.0,-5.48,-3.37,172.41,16
228,ADAUSDT,CELOUSDT,0.05,-3.37,-3.37,0.51,16
283,AAVEUSDT,XRPUSDT,0.02,-3.68,-3.37,254.97,16
1,BTCUSDT,KSMUSDT,0.03,-3.56,-3.37,437.2,16
524,SUNUSDT,AVAXUSDT,0.02,-3.61,-3.37,0.0,16
256,ADAUSDT,LINAUSDT,0.04,-3.43,-3.37,54.51,16
629,BOBAUSDT,MASKUSDT,0.01,-3.9,-3.37,0.28,15
716,1000XECUSDT,RUNEUSDT,0.0,-14.18,-3.37,0.02,15
37,ETHUSDT,ICXUSDT,0.02,-3.71,-3.37,5733.97,15
781,ONTUSDT,BTCUSDT,0.02,-3.73,-3.37,0.0,15
295,MATICUSDT,DASHUSDT,0.02,-3.66,-3.37,0.02,15
719,1000XECUSDT,WOOUSDT,0.0,-14.19,-3.37,0.26,15
651,BOBAUSDT,LOOKSUSDT,0.01,-3.8,-3.37,1.42,15
25,ETHUSDT,GALAUSDT,0.03,-3.57,-3.37,30570.83,15
20,ETHUSDT,VETUSDT,0.01,-3.79,-3.37,62429.51,15
663,1000XECUSDT,LINKUSDT,0.0,-14.17,-3.37,0.01,15
645,BOBAUSDT,RVNUSDT,0.01,-3.92,-3.37,12.43,15
23,ETHUSDT,SHIB1000USDT,0.0,-4.47,-3.37,123181.29,15
484,REEFUSDT,BTCUSDT,0.05,-3.37,-3.37,0.0,15
476,BICOUSDT,ROSEUSDT,0.01,-4.0,-3.37,7.28,15
313,MATICUSDT,PAXGUSDT,0.03,-3.55,-3.37,0.0,15
475,BICOUSDT,KAVAUSDT,0.01,-3.83,-3.37,0.28,15
315,MATICUSDT,BAKEUSDT,0.01,-3.98,-3.37,3.02,15
40,ETHUSDT,NEOUSDT,0.0,-4.44,-3.37,167.53,15
434,CVCUSDT,PAXGUSDT,0.03,-3.48,-3.37,0.0,15
769,1000XECUSDT,LOOKSUSDT,0.0,-14.21,-3.37,0.16,15
542,BOBAUSDT,BCHUSDT,0.01,-3.78,-3.37,0.0,15
595,BOBAUSDT,EGLDUSDT,0.01,-3.89,-3.37,0.01,15
680,1000XECUSDT,COMPUSDT,0.0,-14.16,-3.37,0.0,15
266,ADAUSDT,OPUSDT,0.02,-3.61,-3.37,0.39,14
738,1000XECUSDT,ZENUSDT,0.0,-14.22,-3.37,0.0,14
706,1000XECUSDT,HBARUSDT,0.0,-14.2,-3.37,0.65,14
129,LTCUSDT,RAYUSDT,0.02,-3.62,-3.37,78.64,14
294,MATICUSDT,DYDXUSDT,0.0,-4.66,-3.37,0.47,14
268,ADAUSDT,BELUSDT,0.02,-3.65,-3.37,0.64,14
258,ADAUSDT,ACHUSDT,0.03,-3.5,-3.37,32.03,14
392,NEARUSDT,OGNUSDT,0.02,-3.67,-3.37,22.91,14
217,ADAUSDT,GTCUSDT,0.02,-3.63,-3.37,0.19,14
195,ADAUSDT,C98USDT,0.01,-4.03,-3.37,1.12,14
67,XRPUSDT,DUSKUSDT,0.0,-4.99,-3.37,2.59,14
212,ADAUSDT,ZECUSDT,0.04,-3.39,-3.37,0.01,14
528,SUNUSDT,HBARUSDT,0.03,-3.55,-3.37,0.09,14
299,MATICUSDT,1INCHUSDT,0.03,-3.5,-3.37,1.15,14
28,ETHUSDT,RUNEUSDT,0.03,-3.49,-3.37,763.83,14
342,COMPUSDT,ENJUSDT,0.02,-3.76,-3.37,90.19,14
780,LUNA2USDT,XRPUSDT,0.0,-4.32,-3.37,4.96,14
227,ADAUSDT,ICXUSDT,0.03,-3.52,-3.37,1.61,14
123,LTCUSDT,ANTUSDT,0.0,-4.17,-3.37,32.87,14
537,BAKEUSDT,BCHUSDT,0.0,-4.56,-3.37,0.0,14
222,ADAUSDT,1INCHUSDT,0.01,-4.04,-3.37,0.65,14
215,ADAUSDT,ZENUSDT,0.03,-3.55,-3.37,0.03,14
178,ADAUSDT,DOTUSDT,0.03,-3.55,-3.37,0.06,14
764,1000XECUSDT,KNCUSDT,0.0,-14.22,-3.37,0.02,14
777,UNFIUSDT,HNTUSDT,0.04,-3.4,-3.37,1.28,14
460,BICOUSDT,OMGUSDT,0.04,-3.42,-3.37,0.26,13
102,LTCUSDT,RENUSDT,0.03,-3.56,-3.37,418.12,13
784,USDCUSDT,ETHUSDT,0.0,-7.79,-3.37,0.0,13
82,XRPUSDT,CVXUSDT,0.0,-5.12,-3.37,0.06,13
736,1000XECUSDT,SFPUSDT,0.0,-14.36,-3.37,0.12,13
274,UNIUSDT,ILVUSDT,0.0,-4.14,-3.37,0.08,13
742,1000XECUSDT,CVCUSDT,0.0,-14.16,-3.37,0.29,13
75,XRPUSDT,RSS3USDT,0.03,-3.59,-3.37,2.99,13
479,BICOUSDT,HNTUSDT,0.0,-4.53,-3.37,0.08,13
41,ETHUSDT,RAYUSDT,0.01,-3.96,-3.37,2323.56,13
744,1000XECUSDT,SCUSDT,0.0,-14.18,-3.37,10.47,13
32,ETHUSDT,BATUSDT,0.02,-3.62,-3.37,4487.56,13
296,MATICUSDT,SNXUSDT,0.02,-3.65,-3.37,0.27,13
44,ETHUSDT,KDAUSDT,0.02,-3.74,-3.37,981.77,13
384,NEARUSDT,ALGOUSDT,0.04,-3.45,-3.37,13.98,13
714,1000XECUSDT,RENUSDT,0.0,-14.16,-3.37,0.33,13
516,10000NFTUSDT,ETHUSDT,0.03,-3.55,-3.37,0.0,13
54,ETHUSDT,MTLUSDT,0.0,-4.24,-3.37,1332.07,13
574,BOBAUSDT,BSVUSDT,0.02,-3.67,-3.37,0.01,13
762,1000XECUSDT,WAVESUSDT,0.0,-14.17,-3.37,0.01,13
57,ETHUSDT,ONTUSDT,0.0,-4.59,-3.37,6428.32,13
668,1000XECUSDT,SUSHIUSDT,0.0,-14.17,-3.37,0.04,13
666,1000XECUSDT,UNIUSDT,0.0,-14.17,-3.37,0.01,13
696,1000XECUSDT,DYDXUSDT,0.0,-14.32,-3.37,0.03,12
761,1000XECUSDT,CELOUSDT,0.0,-14.19,-3.37,0.05,12
393,NEARUSDT,CTSIUSDT,0.03,-3.49,-3.37,27.93,12
389,NEARUSDT,RAYUSDT,0.02,-3.69,-3.37,6.03,12
377,SHIB1000USDT,BTCUSDT,0.02,-3.7,-3.37,0.0,12
534,BAKEUSDT,ETHUSDT,0.0,-5.23,-3.37,0.0,12
236,ADAUSDT,ZILUSDT,0.03,-3.58,-3.37,12.12,12
9,BTCUSDT,ARUSDT,0.01,-3.84,-3.37,1751.58,12
304,MATICUSDT,RVNUSDT,0.03,-3.5,-3.37,25.9,12
354,COMPUSDT,HNTUSDT,0.04,-3.44,-3.37,7.49,12
72,XRPUSDT,XNOUSDT,0.01,-3.87,-3.37,0.37,12
199,ADAUSDT,EGLDUSDT,0.01,-3.93,-3.37,0.01,12
148,LTCUSDT,OPUSDT,0.02,-3.65,-3.37,46.42,12
383,NEARUSDT,AVAXUSDT,0.02,-3.61,-3.37,0.19,12
481,DUSKUSDT,BTCUSDT,0.0,-4.6,-3.37,0.0,12
229,ADAUSDT,WAVESUSDT,0.02,-3.74,-3.37,0.09,12
480,KLAYUSDT,BCHUSDT,0.01,-3.89,-3.37,0.0,12
4,BTCUSDT,WOOUSDT,0.04,-3.41,-3.37,127359.24,12
527,SUNUSDT,CELRUSDT,0.02,-3.62,-3.37,0.3,12
772,1000XECUSDT,HNTUSDT,0.0,-14.23,-3.37,0.01,11
722,1000XECUSDT,IOTXUSDT,0.0,-14.23,-3.37,1.37,11
691,1000XECUSDT,YFIUSDT,0.0,-14.21,-3.37,0.0,11
746,1000XECUSDT,STXUSDT,0.0,-14.25,-3.37,0.11,11
376,ENJUSDT,XLMUSDT,0.04,-3.43,-3.37,5.11,11
757,1000XECUSDT,XMRUSDT,0.0,-14.37,-3.37,0.0,11
432,CVCUSDT,ANKRUSDT,0.0,-5.07,-3.37,3.87,11
150,LTCUSDT,LDOUSDT,0.01,-3.83,-3.37,27.06,11
759,1000XECUSDT,IOTAUSDT,0.0,-14.18,-3.37,0.15,11
63,XRPUSDT,ANKRUSDT,0.01,-4.02,-3.37,8.87,11
540,BOBAUSDT,EOSUSDT,0.02,-3.62,-3.37,0.24,11
752,1000XECUSDT,KLAYUSDT,0.0,-14.45,-3.37,0.17,11
622,BOBAUSDT,GTCUSDT,0.01,-3.8,-3.37,0.16,11
608,BOBAUSDT,SNXUSDT,0.02,-3.73,-3.37,0.13,11
726,1000XECUSDT,SNXUSDT,0.0,-14.29,-3.37,0.01,11
569,BOBAUSDT,CRVUSDT,0.01,-3.91,-3.37,0.35,11
667,1000XECUSDT,XEMUSDT,0.0,-14.22,-3.37,0.94,11
669,1000XECUSDT,AAVEUSDT,0.0,-14.27,-3.37,0.0,11
298,MATICUSDT,ZENUSDT,0.03,-3.49,-3.37,0.05,11
207,ADAUSDT,SNXUSDT,0.02,-3.69,-3.37,0.16,10
184,ADAUSDT,KSMUSDT,0.04,-3.45,-3.37,0.01,10
271,ADAUSDT,INJUSDT,0.02,-3.73,-3.37,0.26,10
387,NEARUSDT,IMXUSDT,0.04,-3.43,-3.37,4.93,10
420,SNXUSDT,BCHUSDT,0.02,-3.76,-3.37,0.02,10
203,ADAUSDT,ENSUSDT,0.04,-3.41,-3.37,0.03,10
625,BOBAUSDT,RNDRUSDT,0.02,-3.62,-3.37,0.66,10
778,UNFIUSDT,ACHUSDT,0.05,-3.37,-3.37,600.88,10
302,MATICUSDT,DUSKUSDT,0.0,-4.46,-3.37,6.1,10
756,1000XECUSDT,REEFUSDT,0.0,-14.25,-3.37,11.31,10
193,ADAUSDT,CELRUSDT,0.03,-3.5,-3.37,23.39,10
61,XRPUSDT,DASHUSDT,0.02,-3.76,-3.37,0.01,10
265,ADAUSDT,LUNA2USDT,0.01,-3.79,-3.37,0.27,10
261,ADAUSDT,TOMOUSDT,0.04,-3.43,-3.37,0.89,10
224,ADAUSDT,DUSKUSDT,0.0,-4.73,-3.37,3.47,10
657,1000XECUSDT,ETHUSDT,0.0,-14.18,-3.37,0.0,9
331,FILUSDT,CELOUSDT,0.01,-3.82,-3.37,7.08,9
317,MATICUSDT,CVXUSDT,0.02,-3.63,-3.37,0.15,9
176,ADAUSDT,ETHUSDT,0.02,-3.6,-3.37,0.0,9
734,1000XECUSDT,ZECUSDT,0.0,-14.25,-3.37,0.0,9
743,1000XECUSDT,RNDRUSDT,0.0,-14.19,-3.37,0.07,9
585,BOBAUSDT,BITUSDT,0.02,-3.62,-3.37,0.76,9
36,ETHUSDT,1INCHUSDT,0.01,-3.9,-3.37,2316.15,9
42,ETHUSDT,CKBUSDT,0.02,-3.75,-3.37,393965.72,9
48,ETHUSDT,HOTUSDT,0.02,-3.6,-3.37,744050.44,9
270,ADAUSDT,LDOUSDT,0.04,-3.46,-3.37,0.22,9
728,1000XECUSDT,ANKRUSDT,0.0,-14.17,-3.37,1.12,9
729,1000XECUSDT,LPTUSDT,0.0,-14.32,-3.37,0.0,8
763,1000XECUSDT,RVNUSDT,0.0,-14.31,-3.37,1.39,8
713,1000XECUSDT,EGLDUSDT,0.0,-14.25,-3.37,0.0,8
316,MATICUSDT,BALUSDT,0.0,-4.11,-3.37,0.13,8
779,UNFIUSDT,FLMUSDT,0.02,-3.6,-3.37,64.39,8
194,ADAUSDT,HBARUSDT,0.03,-3.54,-3.37,6.85,8
701,1000XECUSDT,DASHUSDT,0.0,-14.28,-3.37,0.0,8
751,1000XECUSDT,1INCHUSDT,0.0,-14.25,-3.37,0.06,8
284,AAVEUSDT,BCHUSDT,0.05,-3.37,-3.37,0.7,8
426,SFPUSDT,XRPUSDT,0.02,-3.63,-3.37,1.09,7
65,XRPUSDT,CTKUSDT,0.0,-4.74,-3.37,0.39,7
414,IOTXUSDT,BNXUSDT,0.01,-3.77,-3.37,0.0,7
419,SNXUSDT,EOSUSDT,0.03,-3.49,-3.37,1.85,7
686,1000XECUSDT,CHZUSDT,0.0,-14.27,-3.37,0.2,7
687,1000XECUSDT,CRVUSDT,0.0,-14.22,-3.37,0.04,6
235,ADAUSDT,HNTUSDT,0.04,-3.42,-3.37,0.07,6
22,ETHUSDT,AVAXUSDT,0.01,-4.01,-3.37,72.05,6
66,XRPUSDT,ANTUSDT,0.01,-3.93,-3.37,0.2,6
225,ADAUSDT,ARUSDT,0.03,-3.53,-3.37,0.04,6
287,MATICUSDT,BCHUSDT,0.01,-4.04,-3.37,0.01,6
754,1000XECUSDT,DUSKUSDT,0.0,-14.24,-3.37,0.33,6
417,IOTXUSDT,TRBUSDT,0.01,-3.98,-3.37,0.0,6
291,MATICUSDT,CRVUSDT,0.02,-3.65,-3.37,0.73,6
209,ADAUSDT,ANKRUSDT,0.04,-3.43,-3.37,11.91,5
672,1000XECUSDT,ETCUSDT,0.0,-14.21,-3.37,0.0,5
689,1000XECUSDT,GRTUSDT,0.0,-14.24,-3.37,0.39,4
186,ADAUSDT,GRTUSDT,0.02,-3.6,-3.37,4.17,4
189,ADAUSDT,DYDXUSDT,0.03,-3.48,-3.37,0.27,4
748,1000XECUSDT,CTKUSDT,0.0,-14.3,-3.37,0.05,4
753,1000XECUSDT,ANTUSDT,0.0,-14.21,-3.37,0.03,4
703,1000XECUSDT,BITUSDT,0.0,-14.37,-3.37,0.08,3
568,BOBAUSDT,CHZUSDT,0.02,-3.7,-3.37,1.79,3
290,MATICUSDT,CHZUSDT,0.02,-3.76,-3.37,3.73,3
758,1000XECUSDT,PEOPLEUSDT,0.0,-14.18,-3.37,0.0,2
785,USDCUSDT,EOSUSDT,0.0,-7.79,-3.37,0.63,2
658,1000XECUSDT,EOSUSDT,0.0,-14.45,-3.37,0.03,2
223,ADAUSDT,ANTUSDT,0.03,-3.55,-3.37,0.27,2
285,MATICUSDT,EOSUSDT,0.01,-3.82,-3.37,0.51,2
660,1000XECUSDT,BCHUSDT,0.0,-14.32,-3.37,0.0,2
640,BOBAUSDT,PEOPLEUSDT,0.01,-4.08,-3.37,0.01,2
535,BAKEUSDT,EOSUSDT,0.01,-3.98,-3.37,0.17,2
269,ADAUSDT,CEEKUSDT,0.03,-3.54,-3.37,2.36,2
497,PEOPLEUSDT,DENTUSDT,0.03,-3.57,-3.37,615.79,1
506,PEOPLEUSDT,LDOUSDT,0.02,-3.71,-3.37,0.27,1
505,PEOPLEUSDT,OPUSDT,0.02,-3.6,-3.37,0.49,1
504,PEOPLEUSDT,FITFIUSDT,0.0,-5.08,-3.37,6.88,1
503,PEOPLEUSDT,FLMUSDT,0.04,-3.44,-3.37,4.56,1
502,PEOPLEUSDT,DODOUSDT,0.04,-3.43,-3.37,4.57,1
501,PEOPLEUSDT,ASTRUSDT,0.0,-4.26,-3.37,15.47,1
500,PEOPLEUSDT,GLMRUSDT,0.0,-4.47,-3.37,1.02,1
499,PEOPLEUSDT,KDAUSDT,0.04,-3.42,-3.37,0.38,1
498,PEOPLEUSDT,BANDUSDT,0.03,-3.54,-3.37,0.46,1
495,PEOPLEUSDT,AUDIOUSDT,0.04,-3.44,-3.37,2.04,1
496,PEOPLEUSDT,ZENUSDT,0.04,-3.43,-3.37,0.04,1
83,XRPUSDT,BLZUSDT,0.01,-3.95,-3.37,3.33,1
494,PEOPLEUSDT,SLPUSDT,0.01,-4.02,-3.37,147.29,1
493,PEOPLEUSDT,ENSUSDT,0.03,-3.51,-3.37,0.05,1
492,PEOPLEUSDT,LRCUSDT,0.04,-3.45,-3.37,1.66,1
491,PEOPLEUSDT,ILVUSDT,0.01,-3.96,-3.37,0.01,1
490,PEOPLEUSDT,CELRUSDT,0.04,-3.43,-3.37,31.72,1
489,PEOPLEUSDT,GALAUSDT,0.04,-3.38,-3.37,11.85,1
488,PEOPLEUSDT,SANDUSDT,0.04,-3.39,-3.37,0.59,1
487,PEOPLEUSDT,TRXUSDT,0.0,-5.08,-3.37,9.8,1
486,PEOPLEUSDT,XLMUSDT,0.04,-3.42,-3.37,5.86,1
485,PEOPLEUSDT,BTCUSDT,0.03,-3.56,-3.37,0.0,1
416,IOTXUSDT,BLZUSDT,0.03,-3.55,-3.37,0.31,1
786,CELUSDT,BNXUSDT,0.03,-3.49,-3.37,0.01,1
